{
  "hash": "8f3c0903",
  "configHash": "acf547f4",
  "lockfileHash": "ca926498",
  "browserHash": "435b9bb4",
  "optimized": {
    "@angular/core": {
      "src": "../../../../../node_modules/@angular/core/fesm2022/core.mjs",
      "file": "@angular_core.js",
      "fileHash": "813c6df4",
      "needsInterop": false
    },
    "@angular/platform-browser": {
      "src": "../../../../../node_modules/@angular/platform-browser/fesm2022/platform-browser.mjs",
      "file": "@angular_platform-browser.js",
      "fileHash": "bb28dc48",
      "needsInterop": false
    },
    "@angular/router": {
      "src": "../../../../../node_modules/@angular/router/fesm2022/router.mjs",
      "file": "@angular_router.js",
      "fileHash": "25816525",
      "needsInterop": false
    },
    "d3": {
      "src": "../../../../../node_modules/d3/src/index.js",
      "file": "d3.js",
      "fileHash": "547bc368",
      "needsInterop": false
    },
    "d3-sankey": {
      "src": "../../../../../node_modules/d3-sankey/src/index.js",
      "file": "d3-sankey.js",
      "fileHash": "e88e5685",
      "needsInterop": false
    },
    "rxjs": {
      "src": "../../../../../node_modules/rxjs/dist/esm5/index.js",
      "file": "rxjs.js",
      "fileHash": "3de121a0",
      "needsInterop": false
    }
  },
  "chunks": {
    "chunk-TDCSSP3K": {
      "file": "chunk-TDCSSP3K.js"
    },
    "chunk-GKJVNGP3": {
      "file": "chunk-GKJVNGP3.js"
    },
    "chunk-WSA2QMXP": {
      "file": "chunk-WSA2QMXP.js"
    },
    "chunk-EGKP3FWG": {
      "file": "chunk-EGKP3FWG.js"
    }
  }
}